initial_label_from_sequencer	ena_format_label

Extr-Blank-2018	ERR0000001
OSD1-2018	ERR0000002
OSD100-2018	ERR0000003
OSD122-2018	ERR0000004
OSD13-2018	ERR0000005
OSD14-2018	ERR0000006
OSD141-2018	ERR0000007
OSD152-2018	ERR0000008
OSD153-2018	ERR0000009
OSD159-2018	ERR0000010
OSD17-2018	ERR0000011
OSD170-2018	ERR0000012
OSD171-2018	ERR0000013
OSD175-2018	ERR0000014
OSD176-2018	ERR0000015
OSD177-2018	ERR0000016
OSD178-2018	ERR0000017
OSD179-2018	ERR0000018
OSD18-2018	ERR0000019
OSD180-2018	ERR0000020
OSD182-2018	ERR0000021
OSD183-2018	ERR0000022
OSD184-2018	ERR0000023
OSD185-2018	ERR0000024
OSD2-2018	ERR0000025
OSD210-2018	ERR0000026
OSD211-2018	ERR0000027
OSD212-2018	ERR0000028
OSD214-2018	ERR0000029
OSD216-2018	ERR0000030
OSD217-2018	ERR0000031
OSD218-2018	ERR0000032
OSD219-2018	ERR0000033
OSD22-2018	ERR0000034
OSD220-2018	ERR0000035
OSD223-2018	ERR0000036
OSD227-2018	ERR0000037
OSD228-2018	ERR0000038
OSD229-2018	ERR0000039
OSD231-2018	ERR0000040
OSD232-2018	ERR0000041
OSD233-2018	ERR0000042
OSD24-2018	ERR0000043
OSD26-2018	ERR0000044
OSD30-2018	ERR0000045
OSD39-2018	ERR0000046
OSD4-2018	ERR0000047
OSD43-2018	ERR0000048
OSD47-2018	ERR0000049
OSD48-2018	ERR0000050
OSD49-2018	ERR0000051
OSD5-2018	ERR0000052
OSD54-2018	ERR0000053
OSD55-2018	ERR0000054
OSD60-2018	ERR0000055
OSD63-2018	ERR0000056
OSD69-2018	ERR0000057
OSD70-2018	ERR0000058
OSD74-2018	ERR0000059
OSD76-2018	ERR0000060
OSD77-2018	ERR0000061
OSD78-2018	ERR0000062
OSD81-2018	ERR0000063
OSD88-2018	ERR0000064
OSD91-2018	ERR0000065
OSD93-2018	ERR0000066
OSD99-2018	ERR0000067
PCR-Blank-2018	ERR0000068
